id;email;login;firstname;lastname;password
1;Rodger_Waters@yahoo.com;deposit;Wooden Highway;orange Forward paradigm;indigo enable Account
2;Trudie_Hessel2@yahoo.com;tan New;niches Berkshire open-source;hacking bypass;Orchard
3;Minerva.Veum@gmail.com;Handcrafted;Adaptive card;Incredible Avon;Cambridgeshire
4;Chaz.Ortiz@yahoo.com;Multi-channelled;bypass functionalities;overriding Usability bypass;Mount Loan Kwacha
5;Nick_Kling42@hotmail.com;Islands purple Granite;Security Guyana Account;indigo Account help-desk;compressing invoice feed
6;Jasen18@gmail.com;panel best-of-breed;Bedfordshire;Balanced Metal optical;Maldives wireless
7;Branson_Gislason26@hotmail.com;green;Orchestrator;grey Unbranded;content
8;Audie59@yahoo.com;Engineer redundant Swaziland;THX bandwidth;Dynamic;microchip
9;Retha89@yahoo.com;California;Stravenue;Checking Dynamic capacitor;groupware Networked
10;Mekhi21@gmail.com;Chad;Group 1080p stable;Buckinghamshire Streets Salad;markets benchmark
