id;email;name;surname;password
1;Elda.Schulist79@hotmail.com;RSS red;payment methodologies Applications;Dynamic Pizza
2;Felicita_Hermiston68@hotmail.com;Sharable Reverse-engineered;Polynesia invoice;Texas executive clear-thinking
3;Buddy_Becker@gmail.com;Marketing;blockchains;program Dynamic
4;Pinkie.Hilpert14@gmail.com;Hat;Licensed Maryland bus;24/365
5;Abigale71@yahoo.com;Avon;transitional;Intranet plug-and-play
6;Constantin_MacGyver@hotmail.com;Nevada;enable;Plaza
7;Oleta84@hotmail.com;EXE International;standardization;Accounts
8;Kimberly.Lockman@yahoo.com;copy;compressing systems;Director
9;Cayla.Altenwerth2@gmail.com;pink turquoise Incredible;Senior invoice parsing;Cuban
10;Jerad63@yahoo.com;real-time Manager;Borders;Rhode generating
